[{"id":"1","name":"Fog","logo_url":"64a528de71f57.png","link":"https:\/\/www.freeonlinegames.com\/","target":"New Tab","show":true},{"id":2,"name":"Crazy Games","logo_url":"f099e2e10e808cbd4a6604f79777b162e364c3dcd4547275a4df209cc406a06b.png","link":"https:\/\/www.freeonlinegames.com\/","target":"Same Page","show":true},{"id":"3","name":"Animal Royal","logo_url":"cbe87b3ed9d79cd09e61b8fa484980078a40b0ef11184cb467dd8918e34a8bb6.png","link":"https:\/\/www.freeonlinegames.com\/","target":"New Tab","show":true},{"id":"4","name":"Forge","logo_url":"64a517bb31957.png","link":"https:\/\/www.freeonlinegames.com\/","target":"Same Page","show":true}]